<?xml version="1.0" encoding="utf-8"?><!DOCTYPE nta PUBLIC '-//Uppaal Team//DTD Flat System 1.1//EN' 'http://www.it.uu.se/research/group/darts/uppaal/flat-1_1.dtd'><nta><declaration>// Place global declarations here.

const int MaxSzallito = 2;

int termekDB;
int szabadszallitok;
typedef int[0, MaxSzallito - 1] szallitoTipus;

chan KosarTorles;
chan KosarbaTesz;
chan TermekValasztas;
chan TermekKereses;
chan Kijelentkezik;
chan BejelentkezesOK;
chan KiszallitasVallal;


broadcast chan TermeketMegrendel;</declaration><template><name x="5" y="5">Vasarlo</name><declaration>// Place local declarations here.
clock loginSession;

bool regisztralt;
int termekKosarbanDB;

void VasarloInicializal()
{
	regisztralt = false;
	termekKosarbanDB = 0;
	szabadszallitok = MaxSzallito;
}

void SessionNullaz()
{
	loginSession = 0;
}

void RegisztralcioOk()
{
	regisztralt = true;
}

void termekKosarbanDBNovel()
{
	termekKosarbanDB = termekKosarbanDB + 1;
	loginSession = 0;
}

void termekKosarbanDBCsokkent()
{
	termekKosarbanDB = termekKosarbanDB - 1;
}

void megrendel()
{
	termekDB = termekDB - termekKosarbanDB;
	termekKosarbanDB = 0;

}
</declaration><location id="id0" x="144" y="184"><name x="96" y="192">TermekRendeles</name><committed/></location><location id="id1" x="152" y="88"><name x="88" y="104">TermekTorlesKosarbol</name><committed/></location><location id="id2" x="-264" y="32"><name x="-344" y="48">RegisztracioSikertelen</name><committed/></location><location id="id3" x="-136" y="32"><name x="-192" y="48">RegisztracioSikeres</name><committed/></location><location id="id4" x="-296" y="-72"></location><location id="id5" x="416" y="88"><name x="464" y="88">TermekKosarban</name></location><location id="id6" x="-8" y="32"><name x="-48" y="48">Regisztracio</name></location><location id="id7" x="416" y="-72"><name x="432" y="-80">TermekKivalasztva</name></location><location id="id8" x="256" y="-72"><name x="216" y="-56">TermeketKeres</name></location><location id="id9" x="88" y="-72"><name x="64" y="-56">Bejelentkezve</name></location><location id="id10" x="-136" y="-72"><name x="-176" y="-56">Kijelentkezve</name></location><init ref="id4"/><transition><source ref="id8"/><target ref="id1"/><label kind="guard" x="144" y="-22">termekKosarbanDB &gt; 0</label><label kind="assignment" x="136" y="-32">termekKosarbanDBCsokkent()</label><nail x="224" y="-32"/><nail x="232" y="64"/></transition><transition><source ref="id0"/><target ref="id9"/><nail x="88" y="184"/></transition><transition><source ref="id5"/><target ref="id0"/><label kind="guard" x="224" y="184">loginSession &lt; 10 &amp;&amp; szabadszallitok &gt; 0</label><label kind="synchronisation" x="272" y="160">TermeketMegrendel!</label><label kind="assignment" x="288" y="192">loginSession=0, megrendel()</label><nail x="416" y="184"/></transition><transition><source ref="id1"/><target ref="id9"/><label kind="guard" x="128" y="40">termekKosarbanDB &gt; 0</label><nail x="200" y="56"/><nail x="200" y="-32"/></transition><transition><source ref="id5"/><target ref="id1"/><label kind="guard" x="216" y="72">loginSession &lt; 10</label><label kind="assignment" x="200" y="88">termekKosarbanDBCsokkent(), loginSession=0</label></transition><transition><source ref="id1"/><target ref="id9"/><label kind="guard" x="56" y="0">termekKosarbanDB == 0</label><label kind="synchronisation" x="88" y="16">KosarTorles!</label><nail x="112" y="88"/></transition><transition><source ref="id5"/><target ref="id8"/><nail x="256" y="-8"/></transition><transition><source ref="id3"/><target ref="id10"/></transition><transition><source ref="id2"/><target ref="id10"/><nail x="-264" y="-24"/></transition><transition><source ref="id6"/><target ref="id2"/><nail x="64" y="32"/><nail x="64" y="104"/><nail x="-264" y="104"/></transition><transition><source ref="id6"/><target ref="id3"/><label kind="assignment" x="-120" y="0">RegisztralcioOk()</label></transition><transition><source ref="id4"/><target ref="id10"/><label kind="assignment" x="-272" y="-72">VasarloInicializal()</label></transition><transition><source ref="id5"/><target ref="id10"/><label kind="synchronisation" x="-8" y="-224">Kijelentkezik!</label><nail x="600" y="88"/><nail x="600" y="-224"/><nail x="-128" y="-224"/></transition><transition><source ref="id7"/><target ref="id10"/><label kind="synchronisation" x="-48" y="-200">Kijelentkezik!</label><nail x="224" y="-200"/><nail x="-112" y="-200"/></transition><transition><source ref="id8"/><target ref="id10"/><label kind="synchronisation" x="-56" y="-176">Kijelentkezik!</label><nail x="160" y="-176"/><nail x="-112" y="-176"/></transition><transition><source ref="id7"/><target ref="id5"/><label kind="guard" x="320" y="-64">loginSession &lt; 10 &amp;&amp; termekDB &gt; 0 &amp;&amp; termekDB &gt; termekKosarbanDB</label><label kind="synchronisation" x="356" y="-43">KosarbaTesz!</label><label kind="assignment" x="356" y="-28">termekKosarbanDBNovel(), loginSession=0</label></transition><transition><source ref="id8"/><target ref="id7"/><label kind="guard" x="272" y="-88">loginSession &lt; 10</label><label kind="assignment" x="276" y="-72">loginSession=0</label></transition><transition><source ref="id9"/><target ref="id8"/><label kind="guard" x="112" y="-104">loginSession &lt; 10</label><label kind="assignment" x="120" y="-88">loginSession=0</label></transition><transition><source ref="id9"/><target ref="id10"/><label kind="synchronisation" x="-64" y="-152">Kijelentkezik!</label><nail x="88" y="-152"/><nail x="-112" y="-152"/></transition><transition><source ref="id10"/><target ref="id6"/><label kind="guard" x="-88" y="-48">regisztralt == false</label><nail x="-8" y="-48"/></transition><transition><source ref="id10"/><target ref="id9"/><label kind="guard" x="-80" y="-104">regisztralt == true</label><label kind="synchronisation" x="-80" y="-88">BejelentkezesOK!</label><label kind="assignment" x="-64" y="-72">loginSession=0</label></transition></template><template><name>Szallito</name><parameter>const szallitoTipus azon</parameter><declaration>clock atadasiKiserletVarakozas;

void SzabadSzallitoSzamNovel()
{
	szabadszallitok = szabadszallitok + 1;
}

void SzabadSzallitoSzamCsokkent()
{
	szabadszallitok = szabadszallitok - 1;
}</declaration><location id="id11" x="-368" y="16"><name x="-416" y="32">KiszallitastVallal</name></location><location id="id12" x="-32" y="16"><name x="-42" y="-14">NincsAtadva</name></location><location id="id13" x="-248" y="-56"><name x="-258" y="-86">Atadva</name><committed/></location><location id="id14" x="-248" y="16"><name x="-296" y="32">AtadasiKiserlet</name></location><location id="id15" x="-488" y="16"><name x="-552" y="32">MegrendelesErkezik</name><committed/></location><location id="id16" x="-656" y="16"><name x="-712" y="32">NincsSzallitmany</name></location><init ref="id16"/><transition><source ref="id15"/><target ref="id16"/><label kind="synchronisation" x="-632" y="88">KiszallitasVallal?</label><nail x="-512" y="88"/><nail x="-632" y="88"/></transition><transition><source ref="id11"/><target ref="id14"/><label kind="assignment" x="-480" y="-24">SzabadSzallitoSzamCsokkent()</label></transition><transition><source ref="id15"/><target ref="id11"/><label kind="synchronisation" x="-472" y="-8">KiszallitasVallal!</label></transition><transition><source ref="id12"/><target ref="id14"/><label kind="guard" x="-240" y="80">atadasiKiserletVarakozas &gt; 100</label><nail x="-32" y="80"/><nail x="-248" y="80"/></transition><transition><source ref="id14"/><target ref="id12"/><label kind="assignment" x="-232" y="16">atadasiKiserletVarakozas := 0</label></transition><transition><source ref="id13"/><target ref="id16"/><label kind="assignment" x="-504" y="-56">SzabadSzallitoSzamNovel()</label><nail x="-576" y="-56"/></transition><transition><source ref="id14"/><target ref="id13"/></transition><transition><source ref="id16"/><target ref="id15"/><label kind="synchronisation" x="-632" y="-8">TermeketMegrendel?</label></transition></template><template><name>Kosar</name><location id="id17" x="-40" y="8"><name x="-88" y="-24">TermekKosarban</name></location><location id="id18" x="-200" y="8"><name x="-240" y="-24">KosarUres</name></location><location id="id19" x="-376" y="8"><name x="-408" y="-24">NincsKosar</name></location><init ref="id19"/><transition><source ref="id17"/><target ref="id17"/><label kind="synchronisation" x="-128" y="-48">KosarbaTesz?</label><nail x="-56" y="-48"/><nail x="-128" y="-48"/><nail x="-128" y="-8"/></transition><transition><source ref="id17"/><target ref="id18"/><label kind="synchronisation" x="0" y="32">KosarTorles?</label><nail x="-16" y="32"/><nail x="72" y="32"/><nail x="40" y="-104"/><nail x="-200" y="-104"/></transition><transition><source ref="id17"/><target ref="id18"/><label kind="synchronisation" x="-144" y="-80">TermeketMegrendel?</label><nail x="40" y="8"/><nail x="24" y="-80"/><nail x="-184" y="-80"/></transition><transition><source ref="id17"/><target ref="id19"/><label kind="synchronisation" x="-256" y="96">Kijelentkezik?</label><nail x="-48" y="112"/><nail x="-368" y="112"/></transition><transition><source ref="id18"/><target ref="id19"/><label kind="synchronisation" x="-336" y="56">Kijelentkezik?</label><nail x="-232" y="80"/><nail x="-352" y="80"/></transition><transition><source ref="id18"/><target ref="id17"/><label kind="synchronisation" x="-168" y="8">KosarbaTesz?</label></transition><transition><source ref="id19"/><target ref="id18"/><label kind="synchronisation" x="-352" y="8">BejelentkezesOK?</label></transition></template><template><name>Termek</name><declaration>

void termekInicializal()
{
	termekDB = 0;
}

void termekDBNovel()
{
	termekDB = termekDB + 1;
}

void termekDBCsokkent()
{
	termekDB = termekDB - 1;
}</declaration><location id="id20" x="-184" y="72"><name x="-194" y="42">TermekRaktarbaHozatal</name><committed/></location><location id="id21" x="-184" y="-80"><name x="-194" y="-110">Megrendeles</name><committed/></location><location id="id22" x="-320" y="8"></location><location id="id23" x="-504" y="8"></location><init ref="id23"/><transition><source ref="id20"/><target ref="id22"/><nail x="-184" y="112"/><nail x="-320" y="112"/></transition><transition><source ref="id21"/><target ref="id22"/><nail x="-184" y="-128"/><nail x="-320" y="-128"/></transition><transition><source ref="id22"/><target ref="id20"/><label kind="assignment" x="-312" y="40">termekDBNovel()</label></transition><transition><source ref="id22"/><target ref="id21"/><label kind="guard" x="-312" y="-66">termekDB &gt; 0</label><label kind="synchronisation" x="-312" y="-51">TermeketMegrendel?</label><label kind="assignment" x="-312" y="-36">termekDBCsokkent()</label></transition><transition><source ref="id23"/><target ref="id22"/><label kind="assignment" x="-448" y="8">termekInicializal()</label></transition></template><system>// Place template instantiations here.
//Process = Template();

// List one or more processes to be composed into a system.
system Vasarlo, Szallito, Kosar, Termek;</system></nta>